{"assets/images/Kisame.webp":["assets/images/Kisame.webp"],"assets/images/bottom1.png":["assets/images/bottom1.png"],"assets/images/bottom2.png":["assets/images/bottom2.png"],"assets/images/dolibarr.png":["assets/images/dolibarr.png"],"assets/images/dolibarr1.png":["assets/images/dolibarr1.png"],"assets/images/dolibarr2.jpg":["assets/images/dolibarr2.jpg"],"assets/images/dolibarr2.png":["assets/images/dolibarr2.png"],"assets/images/main.png":["assets/images/main.png"],"assets/images/top1.png":["assets/images/top1.png"],"assets/images/top2.png":["assets/images/top2.png"],"packages/cupertino_icons/assets/CupertinoIcons.ttf":["packages/cupertino_icons/assets/CupertinoIcons.ttf"],"packages/font_awesome_flutter/lib/fonts/fa-brands-400.ttf":["packages/font_awesome_flutter/lib/fonts/fa-brands-400.ttf"],"packages/font_awesome_flutter/lib/fonts/fa-regular-400.ttf":["packages/font_awesome_flutter/lib/fonts/fa-regular-400.ttf"],"packages/font_awesome_flutter/lib/fonts/fa-solid-900.ttf":["packages/font_awesome_flutter/lib/fonts/fa-solid-900.ttf"]}